ano,te, tusd
2017,0.23887,0.18074
2018,0.27087,0.21276
2019,0.25588,0.25971
2020,0.24868,0.28551
2021,0.28738,0.30711
